{
    "name": "root",
    "gauges": {
        "MyBehavior.Policy.Entropy.mean": {
            "value": 0.8211905360221863,
            "min": 0.8211905360221863,
            "max": 0.8211905360221863,
            "count": 1
        },
        "MyBehavior.Policy.Entropy.sum": {
            "value": 41101.40625,
            "min": 41101.40625,
            "max": 41101.40625,
            "count": 1
        },
        "MyBehavior.Step.mean": {
            "value": 49987.0,
            "min": 49987.0,
            "max": 49987.0,
            "count": 1
        },
        "MyBehavior.Step.sum": {
            "value": 49987.0,
            "min": 49987.0,
            "max": 49987.0,
            "count": 1
        },
        "MyBehavior.Policy.ExtrinsicValueEstimate.mean": {
            "value": -16.63654899597168,
            "min": -16.63654899597168,
            "max": -16.63654899597168,
            "count": 1
        },
        "MyBehavior.Policy.ExtrinsicValueEstimate.sum": {
            "value": -13059.69140625,
            "min": -13059.69140625,
            "max": -13059.69140625,
            "count": 1
        },
        "MyBehavior.Environment.EpisodeLength.mean": {
            "value": 4754.5,
            "min": 4754.5,
            "max": 4754.5,
            "count": 1
        },
        "MyBehavior.Environment.EpisodeLength.sum": {
            "value": 47545.0,
            "min": 47545.0,
            "max": 47545.0,
            "count": 1
        },
        "MyBehavior.Environment.CumulativeReward.mean": {
            "value": -6633.5,
            "min": -6633.5,
            "max": -6633.5,
            "count": 1
        },
        "MyBehavior.Environment.CumulativeReward.sum": {
            "value": -66335.0,
            "min": -66335.0,
            "max": -66335.0,
            "count": 1
        },
        "MyBehavior.Policy.ExtrinsicReward.mean": {
            "value": -6633.5,
            "min": -6633.5,
            "max": -6633.5,
            "count": 1
        },
        "MyBehavior.Policy.ExtrinsicReward.sum": {
            "value": -66335.0,
            "min": -66335.0,
            "max": -66335.0,
            "count": 1
        },
        "MyBehavior.Losses.PolicyLoss.mean": {
            "value": 0.025123196229105815,
            "min": 0.025123196229105815,
            "max": 0.025123196229105815,
            "count": 1
        },
        "MyBehavior.Losses.PolicyLoss.sum": {
            "value": 0.10049278491642326,
            "min": 0.10049278491642326,
            "max": 0.10049278491642326,
            "count": 1
        },
        "MyBehavior.Losses.ValueLoss.mean": {
            "value": 1004.190832010905,
            "min": 1004.190832010905,
            "max": 1004.190832010905,
            "count": 1
        },
        "MyBehavior.Losses.ValueLoss.sum": {
            "value": 4016.76332804362,
            "min": 4016.76332804362,
            "max": 4016.76332804362,
            "count": 1
        },
        "MyBehavior.Policy.LearningRate.mean": {
            "value": 0.00028460100513300003,
            "min": 0.00028460100513300003,
            "max": 0.00028460100513300003,
            "count": 1
        },
        "MyBehavior.Policy.LearningRate.sum": {
            "value": 0.0011384040205320001,
            "min": 0.0011384040205320001,
            "max": 0.0011384040205320001,
            "count": 1
        },
        "MyBehavior.Policy.Epsilon.mean": {
            "value": 0.194867,
            "min": 0.194867,
            "max": 0.194867,
            "count": 1
        },
        "MyBehavior.Policy.Epsilon.sum": {
            "value": 0.779468,
            "min": 0.779468,
            "max": 0.779468,
            "count": 1
        },
        "MyBehavior.Policy.Beta.mean": {
            "value": 0.004743863300000001,
            "min": 0.004743863300000001,
            "max": 0.004743863300000001,
            "count": 1
        },
        "MyBehavior.Policy.Beta.sum": {
            "value": 0.018975453200000002,
            "min": 0.018975453200000002,
            "max": 0.018975453200000002,
            "count": 1
        },
        "MyBehavior.IsTraining.mean": {
            "value": 1.0,
            "min": 1.0,
            "max": 1.0,
            "count": 1
        },
        "MyBehavior.IsTraining.sum": {
            "value": 1.0,
            "min": 1.0,
            "max": 1.0,
            "count": 1
        }
    },
    "metadata": {
        "timer_format_version": "0.1.0",
        "start_time_seconds": "1721915202",
        "python_version": "3.10.12 (main, Jul  5 2023, 15:34:07) [Clang 14.0.6 ]",
        "command_line_arguments": "/usr/local/Caskroom/miniconda/base/envs/mlagents/bin/mlagents-learn --run-id=test4 --time-scale=50 --force",
        "mlagents_version": "1.0.0",
        "mlagents_envs_version": "1.0.0",
        "communication_protocol_version": "1.5.0",
        "pytorch_version": "1.13.1",
        "numpy_version": "1.23.1",
        "end_time_seconds": "1721915547"
    },
    "total": 344.9895169599913,
    "count": 1,
    "self": 0.005119474983075634,
    "children": {
        "run_training.setup": {
            "total": 0.02419454901246354,
            "count": 1,
            "self": 0.02419454901246354
        },
        "TrainerController.start_learning": {
            "total": 344.96020293599577,
            "count": 1,
            "self": 0.9773990296816919,
            "children": {
                "TrainerController._reset_env": {
                    "total": 52.72452987701399,
                    "count": 1,
                    "self": 52.72452987701399
                },
                "TrainerController.advance": {
                    "total": 291.2045566023153,
                    "count": 60415,
                    "self": 0.9005117831984535,
                    "children": {
                        "env_step": {
                            "total": 279.57798842486227,
                            "count": 60415,
                            "self": 239.67129300907254,
                            "children": {
                                "SubprocessEnvManager._take_step": {
                                    "total": 39.27537915323046,
                                    "count": 60415,
                                    "self": 2.158555361966137,
                                    "children": {
                                        "TorchPolicy.evaluate": {
                                            "total": 37.11682379126432,
                                            "count": 60403,
                                            "self": 37.11682379126432
                                        }
                                    }
                                },
                                "workers": {
                                    "total": 0.6313162625592668,
                                    "count": 60414,
                                    "self": 0.0,
                                    "children": {
                                        "worker_root": {
                                            "total": 287.1113074866298,
                                            "count": 60414,
                                            "is_parallel": true,
                                            "self": 93.34186046165996,
                                            "children": {
                                                "steps_from_proto": {
                                                    "total": 0.0002435100032016635,
                                                    "count": 1,
                                                    "is_parallel": true,
                                                    "self": 0.00014330001431517303,